id,Type,Gene,Gene.ID,AAChange,Chr.start,Chr.end,Ref,Alt,Hom.Het,ExonicFunc,rsID,AF,CopyNumber,Remarks,targetlevel,chemolevel,Rtlevel,ACMG,FilterCondition,DP(ref:alt),NormalID,NormalAF,NormalDP(ref:alt),Hotspot,Strand,CLNSIG,CLNREVSTAT,CLNDNINCL,CLINID,BRCAClass,CosmicID,Cosmic.Occurence,HGMD_class,Variant_effect_LOVD,InterVar_Class,1000g,1000gEAS,ExAC_ALL,ExAC_EAS,gnomAD_exome_ALL,gnomAD_exome_EAS,gnomAD_genome_ALL,gnomAD_genome_EAS,GS_ALL,SIFT.score,SIFT.pred,PolyPhen.score,PolyPhen.pred,CADD_phred,GERP++_RS,OMIM_Inheritance,OMIM_Link,InterVar_ACMG,Chr.start_rule3,Chr.end_rule3,VCFKEY,HGVS3aa,HGVSg,BrkpFusion,BrkptType,TumorReferenceCount,TumorSplitReferenceCount,TumorVariantCount,TumorSplitVariantCount,Cosmic_Fusion_Counts,CC_Tumour_Types(Somatic),Orientation,Column1
BA239E0035-Y00W,Chrom,CHEK2,CHEK2:NM_001005735.2:exon16,c.1690C>T(p.R564W),22:29083956,22:29083956,G,A,het,missense_variant,rs533475838,46.21%,0.32656,.,level1,level1,level1,class1,G,1426(767:659),BA208M0243-B1B6AA6XNF1-A001L000Y209,53.42%,73(34:39),nHS,.,Uncertain_significance,criteria_provided;_multiple_submitters;_no_conflicts,.,140881,.,COSM1559597,2(central_nervous_system),DM,.,Uncertain significance,.,.,.,.,.,.,.,.,.,0.002,D,0.999,D,28,4.76,;Autosomal dominant; Somatic mutation;;;Autosomal dominant; Somatic mutation,https://www.omim.org/entry/114480;https://www.omim.org/entry/609265;https://www.omim.org/entry/259500;https://www.omim.org/entry/176807,PM1; BP1,22:29083956,22:29083956,"22,29083956,G,A",c.1690C>T(p.Arg564Trp),22:g.29083956G>A,.,.,.,.,.,.,.,.,.,GSCAP2020V1.1.1
BA239E0035-Y00W,Mutant,ARID1B,ARID1B:NM_017519.2:exon1,c.1391del(p.A464Gfs*38),6:157100454,6:157100454,C,-,HOM,frameshift_variant,.,0.00%,0.32656,.,level2,level2,level2,class2,F,307(302:5),BA208M0243-B1B6AA6XNF1-A001L000Y209,.,21(19:0),HS0,.,.,.,.,.,.,.,.,.,.,Uncertain significance,.,.,.,.,.,.,.,.,.,.,.,.,.,.,.,Autosomal dominant,https://www.omim.org/entry/135900,PM2,6:157100454,6:157100454,"6,157100453,GC,G",c.1391del(p.Ala464GlyfsTer38),6:g.157100454del,.,.,.,.,.,.,.,.,.,GSCAP2020V1.1.1
BA239E0035-Y00W,CNV,FGF19,.,.,.,.,.,.,.,.,.,.,1.32656,.,level3,.,level3,class3,paired,.,.,.,.,.,.,.,.,.,.,.,.,.,.,.,.,.,.,.,.,.,.,.,.,.,.,.,.,.,.,.,.,.,.,.,.,.,.,.,.,.,.,.,.,.,.,.,.,GSCAP2020V1.1.1
BA239E0035-Y00W,Mutant,ARID1B,ARID1B:NM_017519.2:exon1,c.1391del(p.A464Gfs*38),6:157100454,6:157100454,C,-,het,frameshift_variant,.,4.72%,2.32656,.,level4,.,.,class4,single,212(202:10),BA208M0243-B1B6AA6XNF1-A001L000Y209,0.00%,21(19:0),HS1,.,.,.,.,.,.,.,.,.,.,Uncertain significance,.,.,.,.,.,.,.,.,.,.,.,.,.,.,.,Autosomal dominant,https://www.omim.org/entry/135900,PM2,6:157100454,6:157100454,"6,157100453,GC,G",c.1391del(p.Ala464GlyfsTer38),6:g.157100454del,.,.,.,.,.,.,.,.,.,GSCAP2020V1.1.1
BA239E0035-Y00W,Germline,CHEK2,CHEK2:NM_001005735.2:exon16,c.1690C>T(p.R564W),22:29083956,22:29083956,G,A,het,missense_variant,rs533475838,46.21%,3.32656,.,.,.,.,class5,G,1426(767:659),BA208M0243-B1B6AA6XNF1-A001L000Y209,53.42%,73(34:39),HS2,.,Uncertain_significance,criteria_provided;_multiple_submitters;_no_conflicts,.,140881,.,COSM1559597,2(central_nervous_system),DM,.,Uncertain significance,.,.,.,.,.,.,.,.,.,0.002,D,0.999,D,28,4.76,;Autosomal dominant; Somatic mutation;;;Autosomal dominant; Somatic mutation,https://www.omim.org/entry/114480;https://www.omim.org/entry/609265;https://www.omim.org/entry/259500;https://www.omim.org/entry/176807,PM1; BP1,22:29083956,22:29083956,"22,29083956,G,A",c.1690C>T(p.Arg564Trp),22:g.29083956G>A,.,.,.,.,.,.,.,.,.,GSCAP2020V1.1.1
BA239E0035-Y00W,Mutant,ARID1B,ARID1B:NM_017519.2:exon1,c.1391del(p.A464Gfs*38),6:157100454,6:157100454,C,-,HOM,frameshift_variant,.,0.00%,4.32656,.,.,.,.,.,F,307(302:5),BA208M0243-B1B6AA6XNF1-A001L000Y209,.,21(19:0),HS3,.,.,.,.,.,.,.,.,.,.,Uncertain significance,.,.,.,.,.,.,.,.,.,.,.,.,.,.,.,Autosomal dominant,https://www.omim.org/entry/135900,PM2,6:157100454,6:157100454,"6,157100453,GC,G",c.1391del(p.Ala464GlyfsTer38),6:g.157100454del,.,.,.,.,.,.,.,.,.,GSCAP2020V1.1.1
BA239E0035-Y00W,CNV,FGF19,.,.,.,.,.,.,.,.,.,.,5.32656,.,.,.,.,.,F,.,.,.,.,CHIP,.,.,.,.,.,.,.,.,.,.,.,.,.,.,.,.,.,.,.,.,.,.,.,.,.,.,.,.,.,.,.,.,.,.,.,.,.,.,.,.,.,.,.,GSCAP2020V1.1.1
BA239E0035-Y00W,Mutant,ARID1B,ARID1B:NM_017519.2:exon1,c.1391del(p.A464Gfs*38),6:157100454,6:157100454,C,-,het,frameshift_variant,.,na,6.32656,.,.,.,.,.,F,212(202:10),BA208M0243-B1B6AA6XNF1-A001L000Y209,0.00%,21(19:0),HS1,.,.,.,.,.,.,.,.,.,.,Uncertain significance,.,.,.,.,.,.,.,.,.,.,.,.,.,.,.,Autosomal dominant,https://www.omim.org/entry/135900,PM2,6:157100454,6:157100454,"6,157100453,GC,G",c.1391del(p.Ala464GlyfsTer38),6:g.157100454del,.,.,.,.,.,.,.,.,.,GSCAP2020V1.1.1
BA239E0035-Y00W,CNV,FGF19,.,.,.,.,.,.,.,.,.,.,7.3265600000000015,.,.,.,.,.,F,.,.,.,.,CN,.,.,.,.,.,.,.,.,.,.,.,.,.,.,.,.,.,.,.,.,.,.,.,.,.,.,.,.,.,.,.,.,.,.,.,.,.,.,.,.,.,.,.,GSCAP2020V1.1.1
